<?xml version="1.0" encoding="UTF-8"?>
<project-private xmlns="http://www.netbeans.org/ns/project-private/1">
    <editor-bookmarks xmlns="http://www.netbeans.org/ns/editor-bookmarks/2" lastBookmarkId="0"/>
    <open-files xmlns="http://www.netbeans.org/ns/projectui-open-files/2">
        <group>
            <file>file:/C:/Users/SHAMS/Documents/NetBeansProjects/SimpleLoginForm/src/simpleloginform/SimpleLoginForm.java</file>
            <file>file:/C:/Users/SHAMS/Documents/NetBeansProjects/SimpleLoginForm/src/simpleloginform/NewJFrame.java</file>
            <file>file:/C:/Users/SHAMS/Documents/NetBeansProjects/SimpleLoginForm/src/simpleloginform/MY_CNX.java</file>
            <file>file:/C:/Users/SHAMS/Documents/NetBeansProjects/SimpleLoginForm/src/simpleloginform/mainPanel.java</file>
            <file>file:/C:/Users/SHAMS/Documents/NetBeansProjects/SimpleLoginForm/src/simpleloginform/seatPlan.java</file>
            <file>file:/C:/Users/SHAMS/Documents/NetBeansProjects/SimpleLoginForm/src/simpleloginform/ticket.java</file>
        </group>
    </open-files>
</project-private>
